[
    {
        "Vendor ID": 123,
        "Vendor name": "",
        "Vendor Part Number": "",
        "Manufacturer ID": "",
        "Manufacturer Part Number": "",
        "Unit of Measure": "8 FT",
        "Qty Available": "5 EA",
        "Branch Number (VNDR_LOC)": "",
        "Branch Address": "Mount Laurel",
        "Branch Hours": "Closed at 5PM",
        "Branch Phone Number": "215-633-1900",
        "Distance": "3 Miles away"
    },
     {
        "Vendor ID": 444,
        "Vendor name": "",
        "Vendor Part Number": "",
        "Manufacturer ID": "",
        "Manufacturer Part Number": "",
        "Unit of Measure": "8 FT",
        "Qty Available": "2 EA",
        "Branch Number (VNDR_LOC)": "",
        "Branch Address": "Cherry Hill",
        "Branch Hours": "Closed at 5PM",
        "Branch Phone Number": "215-633-1900",
        "Distance": "6 Miles away"
    },
     {
        "Vendor ID": 123,
        "Vendor name": "",
        "Vendor Part Number": "",
        "Manufacturer ID": "",
        "Manufacturer Part Number": "",
        "Unit of Measure": "8 FT",
        "Qty Available": "1 EA",
        "Branch Number (VNDR_LOC)": "",
        "Branch Address": "Philadelphia",
        "Branch Hours": "Closed at 4PM",
        "Branch Phone Number": "215-633-1900",
        "Distance": "9 Miles away"
    },
     {
        "Vendor ID": 123,
        "Vendor name": "",
        "Vendor Part Number": "",
        "Manufacturer ID": "",
        "Manufacturer Part Number": "",
        "Unit of Measure": "8 FT",
        "Qty Available": "1 EA",
        "Branch Number (VNDR_LOC)": "",
        "Branch Address": "Philadelphia",
        "Branch Hours": " ",
        "Branch Phone Number": "215-633-1900",
        "Distance": "9 Miles away"
    }
]