[
    {
        "Owning Customer": "Ricola USA, Inc",
        "Receive Date": "12/9/2023",
        "Created From Order": "PO14193",
        "Internal #": "IR26377",
        "item": "3691740",
        "Line Unique Key": "5440662",
        "Description": "SF LEMON CLUB BAGS 12/1X2",
        "Total Line QTY": "352",
        "QTY Rec": "352",
        "UOM": "CS",
        "Lot": "2000154397",
        "Expiration Date": "10/17/2026",
        "Bin": "BK-243",
        "status": "Good",
        "internalId": "",
        "PLT": "22",
        "weight/unit": "30",
        "Line Total Weight": "10,560",
        "Line Total UOM": "lb",
        "Consignee PO #": "L678289",
        "Customer Ref #": "",
        "Trailer/Container #": "w11771",
        "Seal #": "L678252",
        "location": "JPW - 696/700/750/790 Jacksonville Rd, PA PP:Tony,Da",
        "Item Type": "Club"
    }
]