[
    {
        "Name": "Upol",
        "DateFulfilled": "11/17/2023 9:16 am",
        "IFNo": "IF26626",
        "LineNo": "16",
        "Item": "UP2882",
        "Quantity": "9",
        "Units": "CS",
        "LOTNo": "2000000",
        "Description": "S2088/G",
        "ExpirationDate": "",
        "ShipmentNo": "I258114",
        "ConsigneePoNo": "6918423A23RR00 B/O",
        "Consignee": "O'REILLY AUTOMOTIVE/OZARK AUTOMOTIVE #23",
        "TotalItemWeight": "2.85",
        "Primary Carrier": "",
        "SecondaryCarrier": "",
        "TotalPalletsShipped": "",
        "Trailer/ContainerNumber": "",
        "SealIdNumber": "",
        "TrackingNumber": "",
        "VoyageNumber": "",
        "TransportationMethodCode": "",
        "TransportationMethod": "",
        "ActualShipDate": "11/17/2023",
        "Shipping Address": "O'REILLY AUTOMOTIVE/OZARK AUTOMOTIVE #18 233 S. PATTERSON SPRINGFIELD MO 65802 United States",
        "shipState": "MO",
        "ShipZip": "65802",
        "TransactionNotes": "",
        "Total Fulfillment Weight": "801.6344",
        "TotalPalletsShipped_1": "",
        "EdiMessageStatus": "Pending"
    }
]