[
    {
        "Name": "Metsa Board America Corporation",
        "System Load Date": "9/1/2023",
        "Jillamy Order No": "SO18112",
        "Customer Order #": "3955190",
        "Consignee Order #": "41597801/10",
        "Consignee": "Case Paper Co",
        "ShipVia": "Customer Pick-Up",
        "Secondary Carrier": "",
        "Ship To": "Case Paper Co 9168 Hermosa Ave Rancho Cucamonga CA 91730 United States",
        "Status": "Shipped",
        "Transaction Notes": "",
        "Loading Instructions": "",
        "Delivery Instructions": "",
        "Delivery Date": "",
        "Total Shipping Units": "",
        "Transportation Method": "",
        "Transportation Method Code": "",
        "Chep Pallet": "F",
        "Estimated Total Pallets": "2.967",
        "Item": "",
        "Formula(Text)": "ERROR: Field Not Found",
        "Quantity": "",
        "quantity Packed": "0",
        "Quantity Fulfilled/Received": "0",
        "Units": "",
        "BPN": "",
        "UPC Code": "",
        "GTIN": "",
        "VPN": "",
        "Freight Class": "",
        "NMFC Value": "",
        "Line Weight": "",
        "Piece Weight": ""
    }
]